parent,child,site,snp,dimer
Node1,Node2,7864,C->T,AC
Node1,Node2,8015,T->C,
Node1,Node2,8143,A->G,
Node1,Node2,8841,G->A,GT
Node1,Node2,9054,T->C,
Node1,Node2,11365,A->G,
Node1,Node2,11745,C->T,TC
Node1,Node2,12947,G->A,GC
Node1,Node2,18109,C->T,AC
Node1,Node2,19324,T->A,
Node1,Node2,22308,G->A,GC
Node1,Node2,23190,C->T,TC
Node1,Node2,23747,C->T,TC
Node1,Node2,23966,G->A,GT
Node1,Node2,24977,C->T,GC
Node1,Node2,25368,C->A,
Node1,Node2,29203,C->A,
Node1,Node2,30510,C->T,TC
Node1,Node2,30699,G->T,
Node1,Node2,31454,C->A,
Node1,Node2,32326,G->A,GT
Node1,Node2,35859,C->T,AC
Node1,Node2,36732,C->T,GC
Node1,Node2,42426,A->G,
Node1,Node2,54013,A->G,
Node1,Node2,55750,G->A,GA
Node1,Node2,58482,G->T,
Node1,Node2,70398,A->C,
Node1,Node2,76393,G->A,GG
Node1,Node2,77451,G->A,GT
Node1,Node2,79658,C->T,AC
Node1,Node2,80435,G->T,
Node1,Node2,84373,G->A,GT
Node1,Node2,85145,C->T,CC
Node1,Node2,86916,A->G,
Node1,Node2,87055,G->A,GC
Node1,Node2,89607,C->T,GC
Node1,Node2,89869,G->A,GT
Node1,Node2,90034,G->A,GC
Node1,Node2,91737,G->A,GC
Node1,Node2,93422,G->A,GC
Node1,Node2,94404,G->T,
Node1,Node2,97371,G->A,GA
Node1,Node2,99287,C->T,GC
Node1,Node2,99587,G->A,GC
Node1,Node2,100967,G->A,GC
Node1,Node2,104985,A->G,
Node1,Node2,106460,G->T,
Node1,Node2,107366,G->T,
Node1,Node2,125514,G->T,
Node1,Node2,130846,T->C,
Node1,Node2,131548,A->G,
Node1,Node2,136446,G->A,GA
Node1,Node2,136641,T->C,
Node1,Node2,137515,A->G,
Node1,Node2,140772,G->A,GA
Node1,Node2,142337,G->A,GT
Node1,Node2,147926,A->T,
Node1,Node2,148124,A->G,
Node1,Node2,148542,C->T,GC
Node1,Node2,153210,C->A,
Node1,Node2,153894,G->A,GC
Node1,Node2,156081,C->T,TC
Node1,Node2,156162,C->A,
Node1,Node2,158981,C->T,AC
Node1,Node2,159964,G->T,
Node1,Node2,160120,C->T,AC
Node1,Node2,161760,G->A,GA
Node1,Node2,169574,A->G,
Node1,Node2,170283,G->A,GG
Node1,Node2,171068,G->A,GA
Node1,Node2,172524,T->C,
Node1,Node2,173544,G->A,GT
Node1,Node2,173641,G->A,GT
Node1,Node2,175396,G->A,GA
Node1,Node2,177073,A->G,
Node1,Node2,178285,C->T,GC
Node1,Node2,179423,C->T,AC
Node1,Node2,181076,G->A,GG
Node1,Node2,182411,C->A,
Node1,Node2,182600,C->T,AC
Node1,Node2,183466,C->A,
Node1,Node2,189273,C->T,AC
Node2,Node3,707,G->A,GA
Node2,Node3,2959,C->T,AC
Node2,Node3,3843,G->A,GG
Node2,Node3,5441,C->A,
Node2,Node3,7186,G->A,GT
Node2,Node3,13709,C->T,AC
Node2,Node3,19165,T->A,
Node2,Node3,38382,T->A,
Node2,Node3,47813,G->T,
Node2,Node3,85661,G->A,GT
Node2,Node3,85968,A->G,
Node2,Node3,88560,A->T,
Node2,Node3,97911,T->C,
Node2,Node3,115877,C->T,GC
Node3,Node4,4087,T->G,
Node3,Node4,4864,A->G,
Node3,Node4,7927,G->A,GT
Node3,Node4,10999,G->A,GG
Node3,Node4,28393,C->T,CC
Node3,Node4,43244,C->T,AC
Node3,Node4,69852,T->C,
Node3,Node4,133520,C->T,AC
Node3,Node4,135371,G->A,GC
Node3,Node4,154017,T->C,
Node3,Node4,190338,C->T,TC
Node4,Node5,8774,G->A,GT
Node4,Node5,8794,A->G,
Node4,Node5,9698,G->A,GT
Node4,Node5,15082,C->T,AC
Node4,Node5,20362,C->T,CC
Node4,Node5,33964,C->T,CC
Node4,Node5,38427,C->T,GC
Node4,Node5,45637,C->T,GC
Node4,Node5,50494,C->A,
Node4,Node5,50572,C->T,GC
Node4,Node5,55215,C->A,
Node4,Node5,72890,G->T,
Node4,Node5,81454,A->C,
Node4,Node5,93357,G->A,GC
Node4,Node5,121527,G->T,
Node4,Node5,125116,G->A,GA
Node4,Node5,128093,C->T,GC
Node4,Node5,132868,T->C,
Node4,Node5,133163,G->A,GC
Node4,Node5,133255,G->A,GA
Node4,Node5,136570,T->A,
Node4,Node5,142508,A->G,
Node4,Node5,150444,C->A,
Node4,Node5,151505,G->T,
Node4,Node5,154806,C->T,GC
Node4,Node5,156450,T->A,
Node4,Node5,156637,G->T,
Node4,Node5,160271,C->G,
Node4,Node5,188457,C->T,CC
Node4,Node5,189549,T->C,
Node5,Node6,8143,G->T,
Node5,Node6,156023,G->A,GT
Node6,Node7,2840,A->C,
Node6,Node7,10039,G->A,GT
Node6,Node7,12561,C->T,AC
Node6,Node7,46380,G->A,GC
Node6,Node7,69837,A->G,
Node6,Node7,89937,C->A,
Node6,Node7,101011,C->A,
Node6,Node7,116643,A->G,
Node6,Node7,140316,G->A,GT
Node6,Node7,159500,C->A,
Node6,Node7,172828,T->A,
Node6,Node7,187503,G->T,
Node6,Node7,188419,G->T,
Node7,Node8,21441,G->A,GT
Node7,Node8,27251,A->G,
Node7,Node8,186017,C->T,AC
Node8,Node9,44980,C->T,TC
Node8,Node9,131652,C->T,AC
Node8,Node9,133173,A->T,
Node8,Node9,133204,T->A,
Node8,Node9,133749,T->C,
Node8,Node9,153524,C->A,
Node8,Node9,156651,G->T,
Node8,MN346702.1|Ivory_Coast|2018,57148,G->A,GT
Node8,MN346702.1|Ivory_Coast|2018,137932,C->T,TC
Node8,MN346702.1|Ivory_Coast|2018,152375,C->A,
Node8,MN346702.1|Ivory_Coast|2018,155747,G->T,
Node8,MN346702.1|Ivory_Coast|2018,158403,G->A,GA
Node8,MN346702.1|Ivory_Coast|2018,177534,G->T,
Node7,KJ136820.1|Ivory_Coast|2012,4538,C->T,TC
Node7,KJ136820.1|Ivory_Coast|2012,16298,T->C,
Node7,KJ136820.1|Ivory_Coast|2012,35634,G->A,GG
Node7,KJ136820.1|Ivory_Coast|2012,167909,A->C,
Node6,DQ011156.1|Liberia|1970,39509,C->T,CC
Node6,DQ011156.1|Liberia|1970,42709,G->T,
Node5,KP849470.1|Ivory_Coast|1971,52231,C->T,AC
Node5,KP849470.1|Ivory_Coast|1971,65466,C->T,AC
Node5,KP849470.1|Ivory_Coast|1971,72702,T->C,
Node5,KP849470.1|Ivory_Coast|1971,72750,C->T,CC
Node5,KP849470.1|Ivory_Coast|1971,86790,A->G,
Node5,KP849470.1|Ivory_Coast|1971,105195,G->A,GT
Node5,KP849470.1|Ivory_Coast|1971,111561,A->G,
Node5,KP849470.1|Ivory_Coast|1971,116852,G->A,GG
Node5,KP849470.1|Ivory_Coast|1971,121165,A->C,
Node5,KP849470.1|Ivory_Coast|1971,134625,T->G,
Node5,KP849470.1|Ivory_Coast|1971,141287,C->T,GC
Node5,KP849470.1|Ivory_Coast|1971,151475,C->A,
Node5,KP849470.1|Ivory_Coast|1971,162897,C->T,GC
Node5,KP849470.1|Ivory_Coast|1971,163407,T->C,
Node5,KP849470.1|Ivory_Coast|1971,167177,C->T,AC
Node5,KP849470.1|Ivory_Coast|1971,171862,A->C,
Node4,AY741551.1|Sierra_Leone|1970,2387,G->A,GA
Node4,AY741551.1|Sierra_Leone|1970,3432,G->A,GA
Node4,AY741551.1|Sierra_Leone|1970,5777,G->T,
Node4,AY741551.1|Sierra_Leone|1970,18480,C->T,TC
Node4,AY741551.1|Sierra_Leone|1970,21930,A->G,
Node4,AY741551.1|Sierra_Leone|1970,28278,C->T,GC
Node4,AY741551.1|Sierra_Leone|1970,28324,G->A,GG
Node4,AY741551.1|Sierra_Leone|1970,29640,C->T,GC
Node4,AY741551.1|Sierra_Leone|1970,79597,G->A,GT
Node4,AY741551.1|Sierra_Leone|1970,79729,C->A,
Node4,AY741551.1|Sierra_Leone|1970,84125,G->A,GG
Node4,AY741551.1|Sierra_Leone|1970,84980,C->T,AC
Node4,AY741551.1|Sierra_Leone|1970,89970,C->T,TC
Node4,AY741551.1|Sierra_Leone|1970,94626,G->A,GA
Node4,AY741551.1|Sierra_Leone|1970,94743,C->T,AC
Node4,AY741551.1|Sierra_Leone|1970,95525,G->A,GC
Node4,AY741551.1|Sierra_Leone|1970,110255,C->T,AC
Node4,AY741551.1|Sierra_Leone|1970,118298,G->T,
Node4,AY741551.1|Sierra_Leone|1970,123888,C->A,
Node4,AY741551.1|Sierra_Leone|1970,133545,G->A,GT
Node4,AY741551.1|Sierra_Leone|1970,134297,G->T,
Node4,AY741551.1|Sierra_Leone|1970,134622,C->T,TC
Node4,AY741551.1|Sierra_Leone|1970,134915,G->A,GT
Node4,AY741551.1|Sierra_Leone|1970,152605,A->T,
Node4,AY741551.1|Sierra_Leone|1970,154167,C->A,
Node4,AY741551.1|Sierra_Leone|1970,154410,C->T,GC
Node4,AY741551.1|Sierra_Leone|1970,161917,C->T,TC
Node4,AY741551.1|Sierra_Leone|1970,165759,G->A,GT
Node4,AY741551.1|Sierra_Leone|1970,172195,G->A,GG
Node4,AY741551.1|Sierra_Leone|1970,175461,C->A,
Node4,AY741551.1|Sierra_Leone|1970,180374,G->A,GT
Node4,AY741551.1|Sierra_Leone|1970,185597,A->G,
Node4,AY741551.1|Sierra_Leone|1970,188478,C->T,GC
Node4,AY741551.1|Sierra_Leone|1970,188879,C->T,AC
Node4,AY741551.1|Sierra_Leone|1970,189894,A->G,
Node3,Node10,3051,G->A,GT
Node3,Node10,5809,C->T,GC
Node3,Node10,19281,C->T,GC
Node3,Node10,19891,G->A,GA
Node3,Node10,20697,T->C,
Node3,Node10,24732,T->C,
Node3,Node10,36310,G->T,
Node3,Node10,38583,T->C,
Node3,Node10,48389,T->G,
Node3,Node10,62580,T->A,
Node3,Node10,71655,C->G,
Node3,Node10,79980,C->T,AC
Node3,Node10,80764,T->G,
Node3,Node10,87501,C->T,AC
Node3,Node10,93701,C->T,CC
Node3,Node10,95738,A->G,
Node3,Node10,125798,C->T,AC
Node3,Node10,136570,T->A,
Node3,Node10,145219,C->A,
Node3,Node10,156894,A->C,
Node3,Node10,164460,A->T,
Node3,Node10,164835,C->T,AC
Node3,Node10,178332,G->T,
Node3,Node10,180075,T->A,
Node3,Node10,180218,T->C,
Node3,Node10,183473,A->G,
Node10,Node11,7611,C->A,
Node10,Node11,65892,C->T,TC
Node10,Node11,116640,G->A,GA
Node11,AY753185.1|Copenhagen|1958,32868,G->A,GA
Node11,AY753185.1|Copenhagen|1958,50614,G->A,GA
Node11,AY753185.1|Copenhagen|1958,137466,C->T,TC
Node11,AY753185.1|Copenhagen|1958,170999,C->T,TC
Node11,AY603973.1|Walter|Reed|1961,775,G->A,GG
Node11,AY603973.1|Walter|Reed|1961,90845,G->A,GT
Node11,AY603973.1|Walter|Reed|1961,92261,G->A,GC
Node11,AY603973.1|Walter|Reed|1961,124807,A->G,
Node10,Node12,29763,C->T,C
Node12,KJ642616.1|France|1968,580,T->G,
Node12,KJ642616.1|France|1968,19608,T->C,
Node12,KJ642616.1|France|1968,23228,T->A,
Node12,KJ642616.1|France|1968,24498,T->A,
Node12,KJ642616.1|France|1968,27605,G->A,GC
Node12,KJ642616.1|France|1968,37493,C->T,AC
Node12,KJ642616.1|France|1968,56538,T->G,
Node12,KJ642616.1|France|1968,87055,A->G,
Node12,KJ642616.1|France|1968,102787,C->T,AC
Node12,KJ642616.1|France|1968,112599,C->A,
Node12,KJ642616.1|France|1968,119877,G->A,GC
Node12,KJ642616.1|France|1968,121660,G->T,
Node12,KJ642616.1|France|1968,125897,C->T,GC
Node12,KJ642616.1|France|1968,133059,G->A,GC
Node12,KJ642616.1|France|1968,133454,G->A,GA
Node12,KJ642616.1|France|1968,156438,C->A,
Node12,KJ642616.1|France|1968,157609,A->C,
Node12,KJ642616.1|France|1968,158379,C->T,TC
Node12,KJ642616.1|France|1968,163255,G->A,GC
Node12,KJ642616.1|France|1968,168753,G->T,
Node12,KJ642614.1|Netherlands|1965,14890,C->A,
Node12,KJ642614.1|Netherlands|1965,18919,G->A,GC
Node12,KJ642614.1|Netherlands|1965,25633,C->T,TC
Node12,KJ642614.1|Netherlands|1965,34376,C->T,TC
Node12,KJ642614.1|Netherlands|1965,36179,G->A,GT
Node12,KJ642614.1|Netherlands|1965,38427,C->T,GC
Node12,KJ642614.1|Netherlands|1965,39899,C->T,CC
Node12,KJ642614.1|Netherlands|1965,46475,C->T,GC
Node12,KJ642614.1|Netherlands|1965,75211,T->C,
Node12,KJ642614.1|Netherlands|1965,95121,T->C,
Node12,KJ642614.1|Netherlands|1965,108252,C->T,GC
Node12,KJ642614.1|Netherlands|1965,112896,G->A,GA
Node12,KJ642614.1|Netherlands|1965,156410,A->G,
Node12,KJ642614.1|Netherlands|1965,167489,G->A,GT
Node12,KJ642614.1|Netherlands|1965,171971,C->T,TC
Node12,KJ642614.1|Netherlands|1965,179014,C->T,CC
Node12,KJ642614.1|Netherlands|1965,179329,T->G,
Node12,KJ642614.1|Netherlands|1965,179335,T->G,
Node2,Node13,3299,C->A,
Node2,Node13,7610,G->A,GC
Node2,Node13,10992,T->C,
Node2,Node13,11237,C->A,
Node2,Node13,12496,G->T,
Node2,Node13,13465,G->C,
Node2,Node13,16524,T->C,
Node2,Node13,20501,G->T,
Node2,Node13,22164,G->A,GT
Node2,Node13,22169,C->T,AC
Node2,Node13,23203,A->G,
Node2,Node13,23289,A->T,
Node2,Node13,28278,C->T,GC
Node2,Node13,32972,A->C,
Node2,Node13,33806,T->C,
Node2,Node13,40684,G->T,
Node2,Node13,45966,T->A,
Node2,Node13,47499,T->A,
Node2,Node13,50255,C->T,AC
Node2,Node13,55330,G->T,
Node2,Node13,64427,G->A,GT
Node2,Node13,66773,C->T,AC
Node2,Node13,71925,G->A,GT
Node2,Node13,77775,C->A,
Node2,Node13,78461,A->C,
Node2,Node13,80583,A->C,
Node2,Node13,83661,G->A,GT
Node2,Node13,84278,A->G,
Node2,Node13,88566,G->T,
Node2,Node13,92630,C->A,
Node2,Node13,103421,G->A,GT
Node2,Node13,108250,T->C,
Node2,Node13,113843,C->T,CC
Node2,Node13,125262,T->C,
Node2,Node13,133442,A->G,
Node2,Node13,134489,C->T,AC
Node2,Node13,135792,C->T,AC
Node2,Node13,138298,G->A,GT
Node2,Node13,141294,G->A,GC
Node2,Node13,144604,G->A,GC
Node2,Node13,147634,T->G,
Node2,Node13,156215,T->C,
Node2,Node13,159963,G->A,GT
Node2,Node13,160171,C->T,GC
Node2,Node13,162663,T->G,
Node2,Node13,162722,A->G,
Node2,Node13,163020,G->T,
Node2,Node13,163836,C->T,CC
Node2,Node13,165637,G->T,
Node2,Node13,168345,T->A,
Node2,Node13,168945,C->T,AC
Node2,Node13,170754,T->C,
Node2,Node13,172736,G->A,GT
Node2,Node13,174990,C->T,GC
Node2,Node13,175537,C->T,AC
Node2,Node13,178666,C->T,AC
Node2,Node13,180258,C->T,AC
Node2,Node13,181298,C->T,GC
Node2,Node13,183552,T->A,
Node2,Node13,187489,C->T,AC
Node2,Node13,187888,G->A,GT
Node2,Node13,188575,C->T,TC
Node2,Node13,189627,C->A,
Node13,Node14,334,C->T,GC
Node13,Node14,37110,T->C,
Node13,Node14,107921,C->T,CC
Node13,Node14,132531,G->A,GG
Node13,Node14,136794,C->T,GC
Node13,Node14,141072,C->T,GC
Node13,Node14,155105,G->A,GC
Node13,Node14,155392,C->T,AC
Node13,Node14,161470,G->A,GG
Node13,Node14,173569,C->T,CC
Node14,Node15,137626,C->T,CC
Node15,DQ011153.1|USA|2003,49,C->T,CC
Node13,22-010|Ghana|2022,14543,C->T,GC
Node13,22-010|Ghana|2022,56032,C->T,GC
Node13,22-010|Ghana|2022,69832,G->T,
Node13,22-010|Ghana|2022,72597,G->T,
Node13,22-010|Ghana|2022,73768,A->G,
Node13,22-010|Ghana|2022,84817,C->A,
Node13,22-010|Ghana|2022,107109,C->T,TC
Node13,22-010|Ghana|2022,130660,C->T,GC
Node13,22-010|Ghana|2022,145660,C->T,GC
Node13,22-010|Ghana|2022,151596,G->A,GC
Node13,22-010|Ghana|2022,162394,A->G,
Node13,22-010|Ghana|2022,178333,C->T,GC
Node13,22-010|Ghana|2022,181745,C->A,
Node13,22-010|Ghana|2022,182364,C->T,AC
Node1,Node18,128,C->T,CC
Node1,Node18,580,T->G,
Node1,Node18,1687,G->A,GG
Node1,Node18,1813,C->A,
Node1,Node18,1814,G->T,
Node1,Node18,3099,G->T,
Node1,Node18,3420,G->A,GA
Node1,Node18,3450,G->A,GA
Node1,Node18,7950,G->T,
Node1,Node18,8286,T->C,
Node1,Node18,8422,C->T,AC
Node1,Node18,8893,C->A,
Node1,Node18,10267,C->A,
Node1,Node18,10275,G->A,GA
Node1,Node18,10641,T->C,
Node1,Node18,11439,C->T,GC
Node1,Node18,11593,G->A,GC
Node1,Node18,11624,G->A,GC
Node1,Node18,12712,G->A,GT
Node1,Node18,12733,G->A,GT
Node1,Node18,16788,G->T,
Node1,Node18,18017,T->A,
Node1,Node18,18312,G->A,GA
Node1,Node18,18861,A->T,
Node1,Node18,19055,C->T,AC
Node1,Node18,19304,T->A,
Node1,Node18,19367,C->T,TC
Node1,Node18,20990,T->A,
Node1,Node18,22575,G->T,
Node1,Node18,24222,C->T,AC
Node1,Node18,24358,G->T,
Node1,Node18,24719,C->G,
Node1,Node18,25173,G->T,
Node1,Node18,25212,T->G,
Node1,Node18,25407,G->A,GG
Node1,Node18,25769,T->G,
Node1,Node18,27215,A->G,
Node1,Node18,28090,C->A,
Node1,Node18,28278,C->T,GC
Node1,Node18,29446,T->C,
Node1,Node18,29655,C->T,GC
Node1,Node18,30500,T->A,
Node1,Node18,31039,A->G,
Node1,Node18,31793,A->G,
Node1,Node18,32364,A->G,
Node1,Node18,32477,C->A,
Node1,Node18,33043,C->T,AC
Node1,Node18,33143,C->T,TC
Node1,Node18,33963,C->T,GC
Node1,Node18,34005,T->C,
Node1,Node18,34295,G->A,GC
Node1,Node18,34685,C->T,CC
Node1,Node18,38067,G->A,GC
Node1,Node18,46895,G->A,GT
Node1,Node18,48138,A->G,
Node1,Node18,48148,A->C,
Node1,Node18,48527,C->A,
Node1,Node18,51168,C->T,CC
Node1,Node18,53207,C->A,
Node1,Node18,55805,C->T,AC
Node1,Node18,58467,C->T,GC
Node1,Node18,59256,C->T,GC
Node1,Node18,66580,G->A,GA
Node1,Node18,67827,C->T,AC
Node1,Node18,73821,G->A,GC
Node1,Node18,74303,C->G,
Node1,Node18,74382,C->T,GC
Node1,Node18,78728,C->A,
Node1,Node18,80756,A->G,
Node1,Node18,80986,C->T,GC
Node1,Node18,81063,G->A,GT
Node1,Node18,81182,T->C,
Node1,Node18,81463,G->T,
Node1,Node18,82838,T->A,
Node1,Node18,84333,G->A,GT
Node1,Node18,85163,C->T,CC
Node1,Node18,86225,G->A,GT
Node1,Node18,86535,G->A,GA
Node1,Node18,87049,G->A,GC
Node1,Node18,87501,C->T,AC
Node1,Node18,87735,G->A,GA
Node1,Node18,89214,C->T,AC
Node1,Node18,89579,G->T,
Node1,Node18,91023,G->A,GT
Node1,Node18,92009,A->G,
Node1,Node18,92102,G->A,GA
Node1,Node18,92237,T->C,
Node1,Node18,92516,T->C,
Node1,Node18,95477,A->C,
Node1,Node18,95795,G->A,GC
Node1,Node18,98430,G->T,
Node1,Node18,99212,G->A,GA
Node1,Node18,99683,G->A,GT
Node1,Node18,99830,C->T,GC
Node1,Node18,100562,C->T,GC
Node1,Node18,105126,T->C,
Node1,Node18,106115,C->T,AC
Node1,Node18,107232,A->G,
Node1,Node18,107394,T->C,
Node1,Node18,109382,G->A,GG
Node1,Node18,109580,A->G,
Node1,Node18,111716,C->T,GC
Node1,Node18,120252,T->C,
Node1,Node18,120965,G->A,GC
Node1,Node18,124737,C->T,AC
Node1,Node18,124988,C->G,
Node1,Node18,126255,G->A,GA
Node1,Node18,128076,G->A,GA
Node1,Node18,132719,C->A,
Node1,Node18,133145,C->T,AC
Node1,Node18,133173,A->T,
Node1,Node18,133201,G->A,GC
Node1,Node18,133539,T->C,
Node1,Node18,133682,A->G,
Node1,Node18,133733,C->T,GC
Node1,Node18,133966,C->T,TC
Node1,Node18,134884,G->A,GA
Node1,Node18,135706,G->A,GT
Node1,Node18,136498,G->A,GG
Node1,Node18,136604,G->A,GT
Node1,Node18,136687,G->A,GT
Node1,Node18,136870,G->A,GA
Node1,Node18,137627,G->A,GT
Node1,Node18,141300,G->A,GA
Node1,Node18,141364,C->T,GC
Node1,Node18,142450,C->A,
Node1,Node18,143426,C->T,AC
Node1,Node18,145803,C->A,
Node1,Node18,146687,T->C,
Node1,Node18,147860,C->T,AC
Node1,Node18,148126,A->G,
Node1,Node18,149765,T->G,
Node1,Node18,149878,A->G,
Node1,Node18,150444,C->T,CC
Node1,Node18,150756,T->C,
Node1,Node18,154405,G->A,GG
Node1,Node18,156426,C->T,AC
Node1,Node18,156448,A->G,
Node1,Node18,156512,G->A,GT
Node1,Node18,156954,G->A,GC
Node1,Node18,156978,C->T,TC
Node1,Node18,157273,T->G,
Node1,Node18,157280,T->C,
Node1,Node18,157437,G->A,GA
Node1,Node18,157490,C->T,GC
Node1,Node18,158175,C->A,
Node1,Node18,158398,G->A,GT
Node1,Node18,158403,G->A,GA
Node1,Node18,158511,G->A,GG
Node1,Node18,158668,G->T,
Node1,Node18,159415,G->A,GC
Node1,Node18,159447,A->C,
Node1,Node18,160152,C->T,GC
Node1,Node18,160867,G->A,GT
Node1,Node18,161574,C->T,GC
Node1,Node18,161799,G->A,GT
Node1,Node18,162291,G->A,GG
Node1,Node18,162828,C->T,AC
Node1,Node18,163467,C->T,AC
Node1,Node18,164848,C->T,TC
Node1,Node18,165304,C->T,GC
Node1,Node18,166399,G->T,
Node1,Node18,167126,T->C,
Node1,Node18,167656,G->T,
Node1,Node18,167858,C->T,GC
Node1,Node18,168277,C->A,
Node1,Node18,168588,C->G,
Node1,Node18,169603,G->A,GT
Node1,Node18,170248,G->A,GA
Node1,Node18,170435,G->A,GA
Node1,Node18,171675,G->A,GA
Node1,Node18,172188,G->A,GC
Node1,Node18,172980,G->A,GC
Node1,Node18,173150,G->A,GC
Node1,Node18,173441,C->T,GC
Node1,Node18,173809,G->A,GC
Node1,Node18,173810,C->T,GC
Node1,Node18,173882,T->C,
Node1,Node18,174170,C->T,GC
Node1,Node18,175065,A->C,
Node1,Node18,176160,C->T,GC
Node1,Node18,177167,G->T,
Node1,Node18,178275,C->T,AC
Node1,Node18,178395,G->A,GT
Node1,Node18,178423,G->A,GA
Node1,Node18,178540,G->A,GG
Node1,Node18,178887,A->G,
Node1,Node18,181350,G->A,GC
Node1,Node18,181994,G->A,GC
Node1,Node18,182443,G->A,GC
Node1,Node18,182491,G->A,GT
Node1,Node18,183008,C->T,AC
Node1,Node18,183695,G->A,GC
Node1,Node18,183696,C->T,GC
Node1,Node18,184137,G->A,GC
Node1,Node18,187421,T->C,
Node1,Node18,188096,C->A,
Node1,Node18,189418,G->A,GA
Node1,Node18,189811,G->T,
Node1,Node18,190098,G->T,
Node1,Node18,190772,A->C,
Node18,Node22,187428,C->T,TC
Node22,Node23,23564,C->T,TC
Node22,Node23,72362,C->T,TC
Node22,Node23,83326,C->T,TC
Node22,Node23,87230,G->A,GA
Node22,Node23,87297,G->A,GA
Node22,Node23,91728,G->A,GA
Node22,Node23,119296,C->T,TC
Node22,Node23,121320,C->T,GC
Node22,Node23,125249,G->A,GA
Node22,Node23,148412,G->A,GA
Node22,Node23,164832,C->T,TC
Node22,Node23,168120,C->T,TC
Node23,Node26,25661,G->A,GA
Node23,Node26,39119,C->T,TC
Node23,Node26,162243,G->A,GA
Node26,Node27,1262,G->A,GA
Node26,Node27,3818,C->T,TC
Node26,Node27,124130,G->A,GA
Node26,Node27,128698,C->T,TC
Node27,Node28,81275,G->A,GA
Node28,Node29,2591,G->A,GA
Node28,Node29,3111,G->A,GA
Node28,Node29,3522,G->A,GA
Node28,Node29,7771,C->T,TC
Node28,Node29,14000,G->T,
Node28,Node29,15428,G->A,GA
Node28,Node29,21723,G->A,GA
Node28,Node29,30367,G->A,GA
Node28,Node29,31053,G->A,GA
Node28,Node29,34459,G->A,GA
Node28,Node29,37202,G->A,GA
Node28,Node29,38360,G->A,GA
Node28,Node29,38662,C->T,TC
Node28,Node29,39139,C->T,TC
Node28,Node29,52885,G->A,GA
Node28,Node29,54117,G->A,GA
Node28,Node29,54635,G->A,GA
Node28,Node29,64297,G->A,GA
Node28,Node29,73066,C->T,TC
Node28,Node29,73239,G->A,GA
Node28,Node29,74205,G->A,GA
Node28,Node29,77383,G->A,GA
Node28,Node29,82373,C->T,TC
Node28,Node29,82451,G->A,GA
Node28,Node29,84587,C->T,TC
Node28,Node29,95034,G->A,GC
Node28,Node29,124674,G->A,GA
Node28,Node29,150469,C->T,TC
Node28,Node29,151461,A->C,
Node28,Node29,155795,G->A,GG
Node28,Node29,162331,C->T,TC
Node28,Node29,170262,G->A,GG
Node28,Node29,178133,G->A,GA
Node28,Node29,181980,G->A,GA
Node28,Node29,183519,C->T,TC
Node28,Node29,186578,G->A,GA
Node29,Node44,186165,G->A,GA
Node44,Node45,188391,C->T,AC
Node45,Node50,188491,C->T,TC
Node45,OQ503782.1|USA|2022,90900,C->T,TC
Node29,Node55,190660,G->A,GA
Node55,Node56,55133,G->A,GA
Node55,Node56,64426,C->T,TC
Node56,Node57,105923,G->A,GA
Node57,Node58,3987,C->T,TC
Node58,LC756922.1|Japan|2023,166940,C->T,TC
Node58,OQ581855.1|Taiwan|2023,15797,G->A,GG
Node58,OQ581855.1|Taiwan|2023,41168,C->T,CC
Node58,OQ581855.1|Taiwan|2023,137251,A->T,
Node29,OP215204.1|Germany|2022,183220,C->T,TC
Node29,Node53,74360,G->A,GC
Node53,OP204857.1|South_Korea|2022,786,C->T,TC
Node53,OP204857.1|South_Korea|2022,71728,C->T,GC
Node53,OP204857.1|South_Korea|2022,173429,G->A,GA
Node53,ON694331.1|Germany|2022,22739,C->T,TC
Node29,OP536760.1|UK|2022,10641,C->T,AC
Node29,ON959143.1|Finland|2022,89906,C->T,TC
Node29,ON959143.1|Finland|2022,94798,G->A,GA
Node29,ON959143.1|Finland|2022,150831,C->T,TC
Node29,ON959143.1|Finland|2022,188491,C->T,TC
Node29,OQ331007.1|USA|2023,117119,C->T,TC
Node29,OQ331007.1|USA|2023,118453,C->T,TC
Node29,OQ331007.1|USA|2023,137276,G->A,GA
Node29,OQ331007.1|USA|2023,177009,G->A,GA
Node29,ON631963.1|Australia|2022,21128,C->T,TC
Node29,ON676704.1|USA|2022,127628,C->T,TC
Node29,ON676704.1|USA|2022,133864,C->T,TC
Node29,OP820455.1|USA|2022,85055,C->T,TC
Node29,OP820455.1|USA|2022,132520,C->T,TC
Node29,OP820455.1|USA|2022,142550,G->A,GA
Node29,OP820455.1|USA|2022,165086,G->A,GA
Node29,OP820455.1|USA|2022,165904,G->A,GA
Node29,OP820455.1|USA|2022,175093,G->A,GA
Node29,ON911481.2|Mexico|2022,25644,C->T,TC
Node29,ON911481.2|Mexico|2022,57088,G->A,GA
Node29,ON911481.2|Mexico|2022,120241,G->A,GA
Node29,ON911481.2|Mexico|2022,127530,C->T,TC
Node29,ON911481.2|Mexico|2022,168120,T->C,
Node29,Node61,5595,G->A,GA
Node29,Node61,78034,G->A,GA
Node29,Node61,80111,C->T,CC
Node61,ON622718.1|Spain|2022,139150,T->C,
Node61,ON720849.1|Spain|2022,122649,C->T,TC
Node29,OR035670.1|Belgium|2022,50982,G->A,GA
Node29,OR035670.1|Belgium|2022,71644,C->T,TC
Node29,OR035670.1|Belgium|2022,127445,C->T,GC
Node29,Node59,148268,C->T,TC
Node59,OP838893.1|Italy|2022,9963,G->A,GA
Node29,ON880413.1|Brazil|2022,76334,C->T,TC
Node29,ON880413.1|Brazil|2022,98233,G->A,GA
Node29,ON880413.1|Brazil|2022,98455,G->A,GG
Node29,ON880413.1|Brazil|2022,111084,G->A,GA
Node29,ON880413.1|Brazil|2022,182950,C->T,TC
Node29,ON751962.1|Brazil|2022,10118,G->A,GA
Node29,ON751962.1|Brazil|2022,15004,C->T,TC
Node29,ON751962.1|Brazil|2022,169928,G->A,GA
Node28,OP612686.1|Nigeria|2019,88640,G->A,GA
Node27,OP612687.1|Nigeria|2019,756,C->T,TC
Node27,OP612687.1|Nigeria|2019,2039,G->A,GA
Node27,OP612687.1|Nigeria|2019,168365,G->A,GA
Node27,OP612687.1|Nigeria|2019,188605,C->A,
Node27,OP612687.1|Nigeria|2019,188606,A->C,
Node27,OP612687.1|Nigeria|2019,188607,G->A,GC
Node23,MT903342.1|Singapore|2018,39767,C->T,TC
Node23,MT903342.1|Singapore|2018,43927,C->T,TC
Node23,MT903342.1|Singapore|2018,151929,G->A,GA
Node23,MT903342.1|Singapore|2018,170573,C->T,TC
Node23,MT903343.1|UK|2018,28838,G->A,GC
Node23,MT903343.1|UK|2018,92349,G->A,GA
Node23,MT903343.1|UK|2018,188494,G->A,GG
Node23,MN648051.1|Israel|2018,8772,C->T,TC
Node23,MN648051.1|Israel|2018,91363,C->T,CC
Node23,MN648051.1|Israel|2018,147593,A->T,
Node23,MN648051.1|Israel|2018,177273,G->A,GA
Node23,MT903341.1|Nigeria|2018,11727,C->T,TC
Node23,MT903341.1|Nigeria|2018,39139,C->T,TC
Node22,Node67,23353,C->T,TC
Node22,Node67,51809,C->T,TC
Node22,Node67,56968,G->A,GA
Node22,Node67,61844,G->A,GA
Node22,Node67,69678,G->A,GA
Node22,Node67,84008,C->T,TC
Node22,Node67,92053,C->T,TC
Node22,Node67,96841,G->A,GA
Node22,Node67,100971,C->T,TC
Node22,Node67,123000,C->T,TC
Node22,Node67,125492,C->T,TC
Node22,Node67,128174,C->T,TC
Node22,Node67,134078,C->T,TC
Node22,Node67,146052,C->T,TC
Node22,Node67,150831,C->T,TC
Node22,Node67,151050,C->T,TC
Node22,Node67,151305,C->T,TC
Node22,Node67,188889,G->A,GA
Node67,OP413718.1|UK|2022,2930,C->T,TC
Node67,OP413718.1|UK|2022,18493,C->T,TC
Node67,OP413718.1|UK|2022,18908,C->T,TC
Node67,OP413718.1|UK|2022,21898,G->A,GA
Node67,OP413718.1|UK|2022,23626,G->A,GA
Node67,OP413718.1|UK|2022,25254,C->T,TC
Node67,OP413718.1|UK|2022,29199,C->T,TC
Node67,OP413718.1|UK|2022,36901,G->A,GA
Node67,OP413718.1|UK|2022,44085,G->A,GA
Node67,OP413718.1|UK|2022,63034,G->A,GA
Node67,OP413718.1|UK|2022,75099,G->A,GA
Node67,OP413718.1|UK|2022,75144,G->A,GA
Node67,OP413718.1|UK|2022,76509,G->A,GA
Node67,OP413718.1|UK|2022,87659,C->T,TC
Node67,OP413718.1|UK|2022,115332,G->A,GA
Node67,OP413718.1|UK|2022,115572,C->T,TC
Node67,OP413718.1|UK|2022,122627,G->A,GT
Node67,OP413718.1|UK|2022,128771,C->T,TC
Node67,OP413718.1|UK|2022,140739,C->T,TC
Node67,OP413718.1|UK|2022,151519,G->T,
Node67,OP413718.1|UK|2022,151875,G->A,GA
Node67,OP413718.1|UK|2022,160008,C->T,TC
Node67,OP413718.1|UK|2022,160312,C->T,TC
Node67,OP413718.1|UK|2022,165130,G->A,GA
Node67,OP413718.1|UK|2022,168862,G->A,GA
Node67,OP413718.1|UK|2022,174491,G->A,GA
Node67,OP413718.1|UK|2022,176289,G->A,GC
Node67,OP413718.1|UK|2022,176366,G->A,GG
Node67,OP413718.1|UK|2022,177703,C->T,TC
Node67,OP612677.1|Nigeria|2019,56351,C->T,TC
Node67,OP612677.1|Nigeria|2019,74032,G->A,GC
Node67,OP612677.1|Nigeria|2019,190782,G->A,GA
Node18,Node73,13298,C->T,AC
Node18,Node73,18792,C->T,TC
Node18,Node73,30636,C->T,TC
Node18,Node73,34472,C->T,TC
Node18,Node73,34578,C->T,TC
Node18,Node73,80099,G->A,GA
Node18,Node73,93387,G->A,GA
Node18,Node73,114659,G->A,GG
Node18,Node73,124031,G->A,GA
Node18,Node73,149265,G->A,GA
Node18,Node73,149872,C->T,TC
Node18,Node73,154015,G->A,GA
Node18,Node73,161953,C->T,TC
Node18,Node73,165782,C->T,TC
Node18,Node73,168205,G->A,GC
Node18,Node73,177720,C->T,TC
Node73,Node76,25072,C->T,TC
Node76,Node77,36898,G->A,GA
Node76,Node77,42183,G->A,GA
Node76,Node77,42903,C->T,TC
Node76,Node77,73616,C->T,TC
Node76,Node77,79406,G->A,GA
Node76,Node77,105746,G->A,GA
Node76,Node77,140492,A->C,
Node76,Node77,142498,C->T,TC
Node76,Node77,157737,C->T,TC
Node76,Node77,161152,C->T,AC
Node76,Node77,179537,C->T,TC
Node77,Node78,50346,G->A,GA
Node77,Node78,54268,C->T,TC
Node78,Node80,30868,G->A,GA
Node78,Node80,43103,G->A,GA
Node78,Node80,102599,G->A,GA
Node78,Node80,184924,C->T,TC
Node80,OP331335.1|UK|2022,164210,C->T,TC
Node78,22-039|Ghana|2022,124897,C->T,TC
Node78,22-039|Ghana|2022,168887,G->A,GA
Node78,Node81,95936,T->A,
Node81,ON674051.1|USA|2022,112544,C->T,TC
Node81,ON674051.1|USA|2022,163540,G->A,GA
Node81,OP597769.1|Egypt|2022,13514,A->G,
Node81,OP597769.1|Egypt|2022,13516,T->A,
Node81,OP597769.1|Egypt|2022,13518,G->A,GA
Node81,OP597769.1|Egypt|2022,29768,A->C,
Node81,OP597769.1|Egypt|2022,29769,T->C,
Node81,OP597769.1|Egypt|2022,34472,T->C,
Node81,OP597769.1|Egypt|2022,39119,C->T,TC
Node81,OP597769.1|Egypt|2022,44057,C->T,CC
Node81,OP597769.1|Egypt|2022,55575,G->T,
Node81,OP597769.1|Egypt|2022,55579,A->G,
Node81,OP597769.1|Egypt|2022,55582,A->G,
Node81,OP597769.1|Egypt|2022,55585,A->G,
Node81,OP597769.1|Egypt|2022,64031,G->A,GA
Node81,OP597769.1|Egypt|2022,72362,C->T,TC
Node81,OP597769.1|Egypt|2022,77076,G->A,GA
Node81,OP597769.1|Egypt|2022,87230,G->A,GA
Node81,OP597769.1|Egypt|2022,87297,G->A,GA
Node81,OP597769.1|Egypt|2022,91728,G->A,GA
Node81,OP597769.1|Egypt|2022,119296,C->T,TC
Node81,OP597769.1|Egypt|2022,125249,G->A,GA
Node81,OP597769.1|Egypt|2022,140233,C->T,AC
Node81,OP597769.1|Egypt|2022,168120,C->T,TC
Node81,OP597769.1|Egypt|2022,168194,C->T,AC
Node81,OP597769.1|Egypt|2022,179537,T->C,
Node81,OP597769.1|Egypt|2022,179947,A->T,
Node81,OP597769.1|Egypt|2022,179950,A->T,
Node77,PP853026.1|Nigeria|2022,2840,A->C,
Node77,PP853026.1|Nigeria|2022,2846,G->T,
Node77,PP853026.1|Nigeria|2022,21723,G->A,GA
Node77,PP853026.1|Nigeria|2022,77496,C->T,TC
Node77,PP853026.1|Nigeria|2022,89914,C->T,TC
Node77,PP853026.1|Nigeria|2022,120216,G->A,GA
Node77,PP853026.1|Nigeria|2022,124101,C->T,TC
Node77,PP853026.1|Nigeria|2022,151017,G->A,GA
Node77,PP853026.1|Nigeria|2022,157498,G->A,GA
Node76,OP612691.1|Nigeria|2020,90329,C->T,TC
Node76,OP612691.1|Nigeria|2020,132520,C->T,TC
Node73,Node83,29887,C->T,TC
Node73,Node83,188544,G->A,GA
Node83,Node84,5089,G->A,GA
Node83,Node84,7844,C->T,TC
Node83,Node84,9477,C->T,TC
Node83,Node84,10795,C->T,TC
Node83,Node84,11034,C->T,TC
Node83,Node84,12426,C->T,TC
Node83,Node84,34432,C->T,TC
Node83,Node84,41437,C->T,TC
Node83,Node84,55823,G->A,GA
Node83,Node84,63034,G->A,GA
Node83,Node84,91998,G->A,GT
Node83,Node84,108891,C->T,TC
Node83,Node84,134107,G->A,GC
Node83,Node84,147845,C->T,TC
Node83,Node84,149359,G->A,GA
Node83,Node84,189358,C->T,TC
Node84,PP853053.1|Nigeria|2022,65370,G->A,GA
Node84,PP853053.1|Nigeria|2022,87741,C->T,TC
Node84,PP853053.1|Nigeria|2022,126310,G->A,GA
Node84,PP853053.1|Nigeria|2022,187145,G->A,GA
Node84,PP853025.1|Nigeria|2022,165875,G->A,GA
Node84,PP853025.1|Nigeria|2022,168930,G->A,GA
Node84,PP853025.1|Nigeria|2022,171907,G->A,GT
Node83,Node85,13648,C->T,AC
Node83,Node85,144446,G->A,GA
Node83,Node85,168532,C->T,TC
Node83,Node85,179853,C->T,TC
Node85,PP853037.1|Nigeria|2022,12117,C->T,TC
Node85,PP853037.1|Nigeria|2022,15626,G->T,
Node85,PP853037.1|Nigeria|2022,23127,G->A,GA
Node85,PP853037.1|Nigeria|2022,33595,C->T,TC
Node85,PP853037.1|Nigeria|2022,65895,G->A,GA
Node85,PP853037.1|Nigeria|2022,72591,T->C,
Node85,PP853037.1|Nigeria|2022,84233,C->T,TC
Node85,PP853037.1|Nigeria|2022,90945,C->T,TC
Node85,PP853037.1|Nigeria|2022,95653,G->A,GA
Node85,PP853037.1|Nigeria|2022,113740,C->T,TC
Node85,PP853037.1|Nigeria|2022,116774,G->A,GA
Node85,PP853037.1|Nigeria|2022,134456,A->C,
Node85,PP853037.1|Nigeria|2022,134628,C->T,TC
Node85,PP853037.1|Nigeria|2022,152410,G->A,GA
Node85,PP853037.1|Nigeria|2022,165800,G->A,GA
Node85,PP853037.1|Nigeria|2022,181209,C->T,TC
Node85,Node86,11332,G->A,GA
Node85,Node86,12099,G->A,GA
Node85,Node86,15105,C->T,TC
Node85,Node86,16227,C->T,TC
Node85,Node86,64216,G->A,GG
Node85,Node86,75614,G->A,GA
Node85,Node86,128534,C->T,TC
Node85,Node86,130454,G->A,GA
Node85,Node86,134442,C->T,TC
Node85,Node86,142918,C->T,TC
Node85,Node86,156429,C->T,TC
Node85,Node86,174610,G->A,GA
Node85,Node86,179628,A->G,
Node86,Node87,156600,G->A,GC
Node86,Node87,165270,C->T,TC
Node86,Node87,187670,C->T,TC
Node87,22-467|Ghana|2022,51179,C->T,CC
Node87,22-467|Ghana|2022,70330,C->T,TC
Node87,22-244|Ghana|2022,134076,G->A,GT
Node87,22-328|Ghana|2022,72123,G->A,GA
Node87,22-328|Ghana|2022,84587,C->T,TC
Node87,22-328|Ghana|2022,115830,G->A,GA
Node87,22-328|Ghana|2022,119914,G->A,GA
Node87,22-328|Ghana|2022,166171,C->T,TC
Node87,22-328|Ghana|2022,182968,C->T,TC
Node87,22-496A|Ghana|2022,24794,G->A,GA
Node87,22-496A|Ghana|2022,57595,G->A,GA
Node87,22-496A|Ghana|2022,83873,C->T,TC
Node87,22-496A|Ghana|2022,125142,C->T,TC
Node87,22-496A|Ghana|2022,132934,C->T,TC
Node87,22-496A|Ghana|2022,134112,C->T,TC
Node87,22-496A|Ghana|2022,162138,G->A,GA
Node86,Node91,117119,C->T,TC
Node91,22-030|Ghana|2022,22971,G->A,GA
Node91,22-030|Ghana|2022,63811,G->A,GA
Node91,22-030|Ghana|2022,71566,G->A,GA
Node91,ON675438.1|USA|2022,42101,C->T,TC
Node91,ON675438.1|USA|2022,164832,C->T,TC
Node86,Node92,18480,C->T,TC
Node86,Node92,56958,G->A,GA
Node86,Node92,148570,G->T,
Node86,Node92,182950,C->T,TC
Node92,22-046|Ghana|2022,67730,G->A,GA
Node92,22-046|Ghana|2022,172205,G->A,GA
Node92,Node95,23379,G->A,GA
Node92,Node95,132324,G->A,GA
Node92,Node95,144181,G->A,GA
Node92,Node95,152445,C->T,TC
Node92,Node95,161342,G->A,GC
Node95,Node96,165904,G->A,GA
Node96,22-240|Ghana|2022,112857,C->T,TC
Node95,22-401|Ghana|2022,72602,G->A,GA
Node95,22-401|Ghana|2022,121773,G->A,GA
Node92,22-173|Ghana|2022,20554,C->T,TC
Node92,22-173|Ghana|2022,53960,C->T,TC
Node92,22-173|Ghana|2022,121247,G->A,GG
Node92,22-345|Ghana|2022,101150,C->T,TC
Node92,22-345|Ghana|2022,105801,C->T,GC
Node92,22-345|Ghana|2022,178456,G->A,GA
Node73,Node97,2752,G->A,GA
Node73,Node97,39173,G->A,GA
Node73,Node97,57284,C->T,TC
Node73,Node97,61844,G->A,GA
Node73,Node97,74226,C->T,TC
Node73,Node97,118739,G->A,GA
Node73,Node97,146223,C->T,TC
Node73,Node97,148427,G->A,GA
Node73,Node97,150800,G->A,GA
Node73,Node97,168365,G->A,GA
Node73,Node97,170317,G->A,GA
Node73,Node97,172527,G->A,GA
Node73,Node97,175759,C->T,GC
Node73,Node97,189417,G->A,GA
Node73,Node97,189474,C->T,TC
Node97,Node98,25659,C->T,TC
Node97,Node98,30669,C->T,TC
Node97,Node98,101132,G->A,GA
Node97,Node98,136132,G->A,GG
Node97,Node98,162535,C->A,
Node97,Node98,181216,C->T,TC
Node98,Node99,22271,G->A,GA
Node98,Node99,48045,G->A,GA
Node98,Node99,80708,C->T,TC
Node98,Node99,98533,C->T,TC
Node98,Node99,108955,G->T,
Node98,Node99,119109,G->A,GC
Node98,Node99,156358,G->A,GA
Node98,Node99,176495,C->T,TC
Node98,Node99,189777,G->A,GA
Node99,PP852950.1|Nigeria|2023,34432,C->T,TC
Node99,PP852950.1|Nigeria|2023,73767,C->T,TC
Node99,PP852950.1|Nigeria|2023,158283,C->T,TC
Node99,PP852950.1|Nigeria|2023,172445,G->A,GA
Node98,Node100,12207,G->A,GA
Node98,Node100,74420,C->T,GC
Node98,Node100,122712,C->T,TC
Node100,22-007|Ghana|2022,11428,G->A,GA
Node100,22-177|Ghana|2022,63811,G->A,GA
Node100,22-177|Ghana|2022,76732,C->T,TC
Node100,22-195|Ghana|2022,126881,G->A,GA
Node97,ON676707.1|USA|2021,100640,C->T,TC
Node97,ON676707.1|USA|2021,142636,G->A,GA
Node97,ON676707.1|USA|2021,186104,C->T,TC
Node73,OP331336.1|UK|2022,11948,G->A,GA
Node73,OP331336.1|UK|2022,13686,C->T,TC
Node73,OP331336.1|UK|2022,14790,C->T,TC
Node73,OP331336.1|UK|2022,21861,C->T,TC
Node73,OP331336.1|UK|2022,21991,G->A,GA
Node73,OP331336.1|UK|2022,23118,G->A,GA
Node73,OP331336.1|UK|2022,27826,C->T,TC
Node73,OP331336.1|UK|2022,38923,G->A,GA
Node73,OP331336.1|UK|2022,39515,G->A,GA
Node73,OP331336.1|UK|2022,56546,G->A,GA
Node73,OP331336.1|UK|2022,57786,G->A,GA
Node73,OP331336.1|UK|2022,59282,G->A,GA
Node73,OP331336.1|UK|2022,65743,C->A,
Node73,OP331336.1|UK|2022,85356,G->A,GA
Node73,OP331336.1|UK|2022,93312,G->A,GT
Node73,OP331336.1|UK|2022,103019,C->T,TC
Node73,OP331336.1|UK|2022,112470,C->T,TC
Node73,OP331336.1|UK|2022,124129,C->T,TC
Node73,OP331336.1|UK|2022,127906,C->T,TC
Node73,OP331336.1|UK|2022,135303,G->A,GA
Node73,OP331336.1|UK|2022,145902,G->A,GT
Node73,OP331336.1|UK|2022,149365,C->T,CC
Node73,OP331336.1|UK|2022,151112,G->A,GA
Node73,OP331336.1|UK|2022,155611,G->A,GA
Node73,OP331336.1|UK|2022,158424,G->A,GA
Node73,OP331336.1|UK|2022,162640,G->A,GG
Node73,OP331336.1|UK|2022,174721,G->A,GC
Node73,OP331336.1|UK|2022,186984,G->A,GA
Node73,OP331336.1|UK|2022,188491,C->T,TC
Node73,OP612689.1|Nigeria|2019,144876,G->A,GA
Node18,Node68,37209,G->A,GA
Node18,Node68,48180,G->A,GA
Node68,OP535322.1|Nigeria|2017,2398,G->A,GA
Node68,OP535322.1|Nigeria|2017,17797,G->A,GA
Node68,OP535322.1|Nigeria|2017,47585,C->T,TC
Node68,OP535322.1|Nigeria|2017,117119,C->T,TC
Node68,OP535322.1|Nigeria|2017,135038,C->T,TC
Node68,OP535322.1|Nigeria|2017,161496,G->A,GA
Node68,OP535322.1|Nigeria|2017,165497,C->T,TC
Node68,Node70,8385,C->T,TC
Node68,Node70,43118,G->A,GA
Node68,Node70,113841,C->T,TC
Node68,Node70,146607,C->T,TC
Node70,Node71,29889,G->A,GA
Node70,Node71,40251,C->T,TC
Node70,Node71,63801,C->T,TC
Node70,Node71,162243,G->A,GA
Node71,OP612684.1|Nigeria|2019,92830,C->T,TC
Node71,OP612684.1|Nigeria|2019,180656,G->A,GA
Node71,OP612684.1|Nigeria|2019,186423,G->A,GA
Node71,OP612680.1|Nigeria|2019,63264,C->T,TC
Node71,OP612680.1|Nigeria|2019,104748,T->C,
Node68,MK783030.1|Nigeria|2017,3477,G->A,GA
Node68,MK783030.1|Nigeria|2017,98046,C->T,TC
Node68,MK783030.1|Nigeria|2017,120237,C->T,TC
Node68,MK783030.1|Nigeria|2017,127906,C->T,TC
Node68,MK783030.1|Nigeria|2017,149775,G->A,GA
Node68,MK783030.1|Nigeria|2017,172965,C->T,TC
Node68,MK783030.1|Nigeria|2017,174056,G->A,GA
Node18,Node103,18769,G->A,GA
Node18,Node103,81977,G->A,GA
Node18,Node103,100261,G->A,GA
Node18,Node103,154408,C->T,TC
Node103,NC|063383.1|Nigeria|2018,28175,C->T,TC
Node103,OP535333.1|Nigeria|2018,6635,T->G,
Node103,OP535333.1|Nigeria|2018,6638,T->G,
Node103,OP535333.1|Nigeria|2018,6660,T->G,
Node18,Node104,5157,C->T,TC
Node18,Node104,7764,G->A,GA
Node18,Node104,9782,G->A,GC
Node18,Node104,133161,C->T,TC
Node104,MK783029.1|Nigeria|2017,13797,C->T,TC
Node104,MK783029.1|Nigeria|2017,20153,A->G,
Node104,MK783031.1|Nigeria|2017,109736,G->A,GA
Node18,MT903339.1|Nigeria|2018,51559,G->A,GA
Node18,MT903339.1|Nigeria|2018,60923,C->T,TC
Node18,MT903339.1|Nigeria|2018,138584,G->A,GA
Node18,MT903339.1|Nigeria|2018,179884,G->A,GA
